{
    "baseline": {
        "embed_psnr": 34.38236640307241,
        "crop_nc": 0.0,
        "collusion_nc": -0.0211525146812698
    },
    "hybrid": {
        "embed_psnr": 33.92671504617116,
        "crop_nc": 0.9999986034157415,
        "collusion_nc": 0.9249966208723748
    }
}